[
  {
    "id": "48461afa-4eea-48d4-a925-4f7ed46fef3d",
    "data": [
      {
        "text": "Banglore",
        "meta": "@sys.geo-city",
        "alias": "geo-city",
        "userDefined": false
      }
    ],
    "isTemplate": false,
    "count": 0,
    "lang": "en",
    "updated": 0
  },
  {
    "id": "5b06906e-7912-4ffe-8eef-8b29089110f7",
    "data": [
      {
        "text": "Delhi",
        "meta": "@sys.geo-city",
        "alias": "geo-city",
        "userDefined": false
      }
    ],
    "isTemplate": false,
    "count": 0,
    "lang": "en",
    "updated": 0
  },
  {
    "id": "26d1c0ee-a2e8-470e-b13c-1bd42e872fb9",
    "data": [
      {
        "text": "Mumbai",
        "meta": "@sys.geo-city",
        "alias": "geo-city",
        "userDefined": true
      }
    ],
    "isTemplate": false,
    "count": 0,
    "lang": "en",
    "updated": 0
  }
]