[
  {
    "id": "812a4c61-669b-4243-b247-c15f24a14edd",
    "data": [
      {
        "text": "Tomorrow",
        "meta": "@sys.date-time",
        "alias": "date-time",
        "userDefined": false
      }
    ],
    "isTemplate": false,
    "count": 0,
    "lang": "en",
    "updated": 0
  },
  {
    "id": "6d98d278-6d12-4e2c-b08b-430ff44fd7a8",
    "data": [
      {
        "text": "Today",
        "meta": "@sys.date-time",
        "alias": "date-time",
        "userDefined": false
      }
    ],
    "isTemplate": false,
    "count": 0,
    "lang": "en",
    "updated": 0
  }
]