[
  {
    "id": "bfc72bb4-ed06-4dbd-b40e-f2a11fe1c735",
    "data": [
      {
        "text": "Enter date",
        "userDefined": false
      }
    ],
    "isTemplate": false,
    "count": 0,
    "lang": "en",
    "updated": 0
  },
  {
    "id": "78214b21-4439-4ab2-b7d3-4dae0b2baf3d",
    "data": [
      {
        "text": "3 days after ",
        "userDefined": false
      },
      {
        "text": "today",
        "meta": "@sys.date-time",
        "alias": "date-time",
        "userDefined": true
      }
    ],
    "isTemplate": false,
    "count": 0,
    "lang": "en",
    "updated": 0
  },
  {
    "id": "f7235e42-973f-4dce-8e17-e21b164a7e24",
    "data": [
      {
        "text": "Today",
        "meta": "@sys.date-time",
        "alias": "date-time",
        "userDefined": false
      }
    ],
    "isTemplate": false,
    "count": 0,
    "lang": "en",
    "updated": 0
  }
]