[
  {
    "id": "754a4c29-2a7a-4503-b7c2-2353e709486d",
    "data": [
      {
        "text": "book ticket from ",
        "userDefined": false
      },
      {
        "text": "karachi",
        "meta": "@sys.geo-city",
        "alias": "origin",
        "userDefined": true
      },
      {
        "text": " to ",
        "userDefined": false
      },
      {
        "text": "lahore",
        "meta": "@sys.geo-city",
        "alias": "destination",
        "userDefined": true
      }
    ],
    "isTemplate": false,
    "count": 0,
    "lang": "en",
    "updated": 0
  },
  {
    "id": "37a2c49b-7dbb-407d-820b-c328a0b4b3b1",
    "data": [
      {
        "text": "book my train ticket to ",
        "userDefined": false
      },
      {
        "text": "delhi",
        "meta": "@sys.geo-city",
        "alias": "origin",
        "userDefined": false
      }
    ],
    "isTemplate": false,
    "count": 0,
    "lang": "en",
    "updated": 0
  },
  {
    "id": "f3501174-c2a3-4212-bb2b-ae913f31ff36",
    "data": [
      {
        "text": "change date",
        "userDefined": false
      }
    ],
    "isTemplate": false,
    "count": 0,
    "lang": "en",
    "updated": 0
  },
  {
    "id": "078bd294-0d5e-45db-af0c-a430091ecb23",
    "data": [
      {
        "text": "book my train ticket from ",
        "userDefined": false
      },
      {
        "text": "mumbai",
        "meta": "@sys.geo-city",
        "alias": "origin",
        "userDefined": false
      },
      {
        "text": " to ",
        "userDefined": false
      },
      {
        "text": "delhi",
        "meta": "@sys.geo-city",
        "alias": "destination",
        "userDefined": false
      }
    ],
    "isTemplate": false,
    "count": 0,
    "lang": "en",
    "updated": 0
  },
  {
    "id": "cb922b87-e10d-49df-bbd7-e5c56ee26da6",
    "data": [
      {
        "text": "Book Train Ticket to ",
        "userDefined": false
      },
      {
        "text": "mumbai",
        "meta": "@sys.geo-city",
        "alias": "destination",
        "userDefined": true
      }
    ],
    "isTemplate": false,
    "count": 0,
    "lang": "en",
    "updated": 0
  }
]