[
  {
    "id": "849fd8b6-ced6-49c6-9de6-3e44d4eae50b",
    "data": [
      {
        "text": "3",
        "userDefined": false
      },
      {
        "text": "AC",
        "userDefined": false
      }
    ],
    "isTemplate": false,
    "count": 0,
    "lang": "en",
    "updated": 0
  },
  {
    "id": "e81ee5fe-8499-4939-bcac-475b761b2260",
    "data": [
      {
        "text": "2AC",
        "userDefined": false
      }
    ],
    "isTemplate": false,
    "count": 0,
    "lang": "en",
    "updated": 0
  },
  {
    "id": "2c77a81f-6503-4f83-af42-4e139e046184",
    "data": [
      {
        "text": "EC",
        "userDefined": false
      }
    ],
    "isTemplate": false,
    "count": 0,
    "lang": "en",
    "updated": 0
  },
  {
    "id": "f87472ad-5c1e-4466-b76f-8ee4a33cab94",
    "data": [
      {
        "text": "1",
        "userDefined": false
      },
      {
        "text": "AC",
        "userDefined": false
      }
    ],
    "isTemplate": false,
    "count": 0,
    "lang": "en",
    "updated": 0
  }
]